Workbook

Sheet 主实验
A2: TransPrune 主实验记录
A4: 已录入20组本地评分。VQAv2待在线评分，GQA原模型未完成；空白表示缺少实测值。
A6: 方法 | B6: 数据来源 | C6: TFLOPs | D6: 计算量占比 | E6: 汇总相对性能 | F6: MME 感知分 | G6: VQAv2 | H6: SEED 图片 | I6: TextVQA | J6: SQA 图片 | K6: POPE F1 | L6: GQA | M6: MMBench 英文 | N6: 结果状态
A7: 原模型 | B7: 本次实测 | C7: =IF(ISNUMBER(效率!D7),效率!D7,"") | D7: =IF(COUNT(C7,$C$7)<2,"",IF($C$7=0,"",C7/$C$7)) | E7: =IF(AND(COUNT(F7:M7)=8,COUNT($F$7:$M$7)=8,MIN($F$7:$M$7)>0),AVERAGE(F7/F$7,G7/G$7,H7/H$7,I7/I$7,J7/J$7,K7/K$7,L7/L$7,M7/M$7),"") -> #REF! | F7: =IF(ISNUMBER(#REF!),#REF!,"") | G7: 78.52 | H7: 66.191246 | I7: 58.21 | J7: 69.46 | K7: =#REF! -> #REF! | L7: 61.92 | M7: 64.285714 | N7: =IF(COUNT(F7:M7)=0,"待录入",IF(COUNT(F7:M7)=8,"八项已录入","部分已录入")) -> 部分已录入
A8: TransPrune-High | B8: 本次实测 | C8: =IF(ISNUMBER(效率!D8),效率!D8,"") | D8: =IF(COUNT(C8,$C$7)<2,"",IF($C$7=0,"",C8/$C$7)) | E8: =IF(AND(COUNT(F8:M8)=8,COUNT($F$7:$M$7)=8,MIN($F$7:$M$7)>0),AVERAGE(F8/F$7,G8/G$7,H8/H$7,I8/I$7,J8/J$7,K8/K$7,L8/L$7,M8/M$7),"") -> #REF! | F8: =IF(ISNUMBER(#REF!),#REF!,"") | G8: 77.8 | H8: 65.685379 | I8: 57.85 | J8: 69.51 | K8: =#REF! -> #REF! | L8: 61.46 | M8: 65.47619 | N8: =IF(COUNT(F8:M8)=0,"待录入",IF(COUNT(F8:M8)=8,"八项已录入","部分已录入")) -> 部分已录入
A9: TransPrune-Low | B9: 本次实测 | C9: =IF(ISNUMBER(效率!D9),效率!D9,"") | D9: =IF(COUNT(C9,$C$7)<2,"",IF($C$7=0,"",C9/$C$7)) | E9: =IF(AND(COUNT(F9:M9)=8,COUNT($F$7:$M$7)=8,MIN($F$7:$M$7)>0),AVERAGE(F9/F$7,G9/G$7,H9/H$7,I9/I$7,J9/J$7,K9/K$7,L9/L$7,M9/M$7),"") -> #REF! | F9: =IF(ISNUMBER(#REF!),#REF!,"") | G9: 76.48 | H9: 64.118598 | I9: 56.52 | J9: 68.77 | K9: =#REF! -> #REF! | L9: 59.9 | M9: 64.880952 | N9: =IF(COUNT(F9:M9)=0,"待录入",IF(COUNT(F9:M9)=8,"八项已录入","部分已录入")) -> 部分已录入
A11: MME 感知分从“MME分项”自动汇总；TFLOPs 从“效率”读取。其他七项直接填写评分器的 0–100 数值，如 58.2。
A12: 汇总相对性能 = 八项“当前方法实测分数 ÷ 本次原模型分数”的平均值；八项不齐时留空。不是答题准确率。
A13: POPE采用三类F1等权均值；MMBench采用本地exact_matching/circular，评分口径详见“评测明细”。
A16: 论文参考值：表 1，LLaVA-v1.5-7B
A17: 来源：TransPrune，CVPR 2026，表 1，PDF 第 5 页。https://openaccess.thecvf.com/content/CVPR2026/papers/Li_TransPrune_Token_Transition_Pruning_for_Efficient_Large_Vision-Language_Model_CVPR_2026_paper.pdf
A19: 方法 | B19: 数据来源 | C19: TFLOPs | D19: 计算量占比 | E19: 汇总相对性能 | F19: MME 感知分 | G19: VQAv2 | H19: SEED 图片 | I19: TextVQA | J19: SQA 图片 | K19: POPE F1 | L19: GQA | M19: MMBench 英文 | N19: 配置说明
A20: 原模型 | B20: 论文 | C20: 3.82 | D20: 1 | E20: 1 | F20: 1506 | G20: 78.5 | H20: 66.2 | I20: 58.2 | J20: 69.5 | K20: 85.9 | L20: 61.9 | M20: 64.6 | N20: 无剪枝
A21: FastV | B21: 论文 | C21: 2.01 | D21: 0.526 | E21: 0.978 | F21: 1474 | G21: 77 | H21: 64 | I21: 57.2 | J21: 68.5 | K21: 84 | L21: 59.4 | M21: 64.2 | N21: K=2，R=0.5
A22: PDrop | B22: 论文 | C22: 1.78 | D22: 0.466 | E22: 0.988 | F22: 1500 | G22: 77.7 | H22: 64.3 | I22: 57.5 | J22: 69.4 | K22: 84.8 | L22: 60.1 | M22: 64.9 | N22: 较温和预算
A23: SparseVLM | B23: 论文 | C23: 1.57 | D23: 0.411 | E23: 0.988 | F23: 1484 | G23: 77.6 | H23: 64.9 | I23: 58 | J23: 67.7 | K23: 85.7 | L23: 60.6 | M23: 64.7 | N23: 较温和预算
A24: TransPrune-High | B24: 论文 | C24: 1.56 | D24: 0.408 | E24: 1 | F24: 1540 | G24: 77.9 | H24: 65.7 | I24: 57.8 | J24: 69.5 | K24: 85 | L24: 61.4 | M24: 66 | N24: High
A25: TransPrune-Low | B25: 论文 | C25: 1.19 | D25: 0.312 | E25: 0.984 | F25: 1491 | G25: 76.6 | H25: 64.2 | I25: 56.5 | J25: 68.7 | K25: 85.1 | L25: 60 | M25: 65.6 | N25: Low
A28: 与论文同方法的差值：实测减论文
A30: 方法 | B30: MME 感知分差 | C30: VQAv2 差 | D30: SEED 差 | E30: TextVQA 差 | F30: SQA 差 | G30: POPE 差 | H30: GQA 差 | I30: MMBench 差 | J30: TFLOPs 差
A31: 原模型 | B31: =IF(ISNUMBER(F7),F7-F20,"") | C31: =IF(ISNUMBER(G7),G7-G20,"") -> 0.02 | D31: =IF(ISNUMBER(H7),H7-H20,"") -> -0.0087543034 | E31: =IF(ISNUMBER(I7),I7-I20,"") -> 0.01 | F31: =IF(ISNUMBER(J7),J7-J20,"") -> -0.04 | G31: =IF(ISNUMBER(K7),K7-K20,"") | H31: =IF(ISNUMBER(L7),L7-L20,"") -> 0.02 | I31: =IF(ISNUMBER(M7),M7-M20,"") -> -0.31428571 | J31: =IF(ISNUMBER(C7),C7-C20,"")
A32: TransPrune-High | B32: =IF(ISNUMBER(F8),F8-F24,"") | C32: =IF(ISNUMBER(G8),G8-G24,"") -> -0.1 | D32: =IF(ISNUMBER(H8),H8-H24,"") -> -0.014620951 | E32: =IF(ISNUMBER(I8),I8-I24,"") -> 0.05 | F32: =IF(ISNUMBER(J8),J8-J24,"") -> 0.01 | G32: =IF(ISNUMBER(K8),K8-K24,"") | H32: =IF(ISNUMBER(L8),L8-L24,"") -> 0.06 | I32: =IF(ISNUMBER(M8),M8-M24,"") -> -0.52380952 | J32: =IF(ISNUMBER(C8),C8-C24,"")
A33: TransPrune-Low | B33: =IF(ISNUMBER(F9),F9-F25,"") | C33: =IF(ISNUMBER(G9),G9-G25,"") -> -0.12 | D33: =IF(ISNUMBER(H9),H9-H25,"") -> -0.081402375 | E33: =IF(ISNUMBER(I9),I9-I25,"") -> 0.02 | F33: =IF(ISNUMBER(J9),J9-J25,"") -> 0.07 | G33: =IF(ISNUMBER(K9),K9-K25,"") | H33: =IF(ISNUMBER(L9),L9-L25,"") -> -0.1 | I33: =IF(ISNUMBER(M9),M9-M25,"") -> -0.71904762 | J33: =IF(ISNUMBER(C9),C9-C25,"")
A35: 正值表示实测更高。准确率类差值按百分点解释；MME 为分数差。TFLOPs 越低越好，其余表中指标越高越好。

Sheet 效率
A2: 效率测量记录
A4: 黄色格填写正式测量结果；已验证的 token 数为配置记录。13.22 GiB 加载占用和调试计时不作为正式峰值/延迟。
A6: 方法 | B6: 初始视觉 token | C6: 最终视觉 token | D6: 实测 TFLOPs | E6: Prefill 均值 ms | F6: Decode 均值 ms | G6: 端到端均值 ms | H6: 峰值 allocated GiB | I6: 峰值 reserved GiB | J6: 输出 token 数 | K6: 重复次数 | L6: 端到端加速比 | M6: 状态
A7: 原模型 | B7: 576 | C7: 576 | L7: =IF(COUNT(G7,$G$7)<2,"",IF(G7=0,"",$G$7/G7)) | M7: 待运行
A8: TransPrune-High | B8: 576 | C8: 72 | L8: =IF(COUNT(G8,$G$7)<2,"",IF(G8=0,"",$G$7/G8)) | M8: 待运行
A9: TransPrune-Low | B9: 576 | C9: 36 | L9: =IF(COUNT(G9,$G$7)<2,"",IF(G9=0,"",$G$7/G9)) | M9: 待运行
A12: 测量条件：先统一，再比较
A14: GPU | B14: RTX 4090 D 24GB | E14: 精度 | F14: FP16
A15: 测量样本/子集 | E15: 预热次数 | I15: 注意力实现、样本、生成策略要一致；记录实际生成长度和重复次数。
A16: 注意力后端 | E16: 生成长度策略 | I16: 计时须预热、CUDA 同步；峰值显存需在相同边界重置并测量。
A17: Prefill 计时边界 | E17: Decode 计时边界 | I17: TFLOPs 为运算量，不能从显存或耗时直接换算；不把论文值填进实测。
A18: 端到端计时边界 | E18: FLOPs 统计口径
A22: 论文表 8 参考：A100 40GB，MME
A23: 来源：论文表 8。https://openaccess.thecvf.com/content/CVPR2026/papers/Li_TransPrune_Token_Transition_Pruning_for_Efficient_Large_Vision-Language_Model_CVPR_2026_paper.pdf
A25: 方法 | B25: 论文延迟 ms | C25: 论文显存 GB | D25: 论文 MME 感知分
A26: FastV | B26: 125.2 | C26: 14.99 | D26: 1474
A27: PDrop | B27: 115.2 | C27: 14.87 | D27: 1500
A28: SparseVLM | B28: 129.1 | C28: 19.05 | D28: 1484
A29: TransPrune | B29: 111.4 | C29: 14.82 | D29: 1540
A31: 论文未在表 8 列出原模型延迟；硬件、计时边界与显存口径需核对，不能将这些数直接当作 4090 D 目标值。

Sheet 消融
A2: 消融实验记录
A4: 后续实验，尚未执行。先完成 MME 和 TextVQA 主实验，再逐项修改方法；比较时固定剪枝预算及生成设置。
A6: 配置 | B6: 建议预算 | C6: 数据来源 | D6: MME 感知分 | E6: SQA 图片 | F6: GQA | G6: MMBench 英文 | H6: TextVQA | I6: 实现/运行状态 | J6: 论文定位
A7: 仅 IGA | B7: High | C7: 本次实测 | I7: 待实现 | J7: 表 12
A8: IGA + 方向 | B8: High | C8: 本次实测 | I8: 待实现 | J8: 表 12
A9: IGA + 幅度 | B9: High | C9: 本次实测 | I9: 待实现 | J9: 表 12
A10: IGA + 完整 TTV | B10: High | C10: 本次实测 | D10: =IF(ISNUMBER(主实验!F8),主实验!F8,"") | E10: =IF(ISNUMBER(主实验!J8),主实验!J8,"") -> 69.51 | F10: =IF(ISNUMBER(主实验!L8),主实验!L8,"") -> 61.46 | G10: =IF(ISNUMBER(主实验!M8),主实验!M8,"") -> 65.47619 | H10: =IF(ISNUMBER(主实验!I8),主实验!I8,"") -> 57.85 | I10: 主实验复用 | J10: 表 12
A11: 不累计 TTV | B11: High | C11: 本次实测 | I11: 待实现 | J11: 表 11
A12: 仅 TTV | B12: 需核对论文设置 | C12: 本次实测 | I12: 待实现 | J12: 表 7
A15: 论文参考：表 7、11、12
A16: 来源：本地论文对应表格；空白为该表未列。https://openaccess.thecvf.com/content/CVPR2026/papers/Li_TransPrune_Token_Transition_Pruning_for_Efficient_Large_Vision-Language_Model_CVPR_2026_paper.pdf
A18: 配置 | B18: 论文设置 | C18: 数据来源 | D18: MME 感知分 | E18: SQA 图片 | F18: GQA | G18: MMBench 英文 | H18: TextVQA | I18: 说明 | J18: 论文定位
A19: 仅 IGA | B19: High 对照 | C19: 论文 | D19: 1514 | E19: 69 | F19: 61.1 | G19: 65.6 | J19: 表 12
A20: IGA + 方向 | B20: High 对照 | C20: 论文 | D20: 1521 | E20: 69.1 | F20: 61.2 | G20: 65.4 | J20: 表 12
A21: IGA + 幅度 | B21: High 对照 | C21: 论文 | D21: 1532 | E21: 69.4 | F21: 61.4 | G21: 65.7 | J21: 表 12
A22: IGA + 完整 TTV | B22: High 对照 | C22: 论文 | D22: 1540 | E22: 69.5 | F22: 61.4 | G22: 66 | J22: 表 12
A23: 不累计 TTV | B23: 累积对照 | C23: 论文 | D23: 1530 | F23: 61.4 | G23: 65.7 | I23: 仅录已核对指标 | J23: 表 11
A24: 仅 TTV | B24: TTV-only | C24: 论文 | E24: 68.9 | F24: 58.4 | G24: 64.9 | H24: 50.9 | I24: POPE 为 82.1 | J24: 表 7
A27: 每次只改变待验证的组成部分；不累计时使用当前层分数，不等同于在每次剪枝后清零。
A28: 当前仓库方向项使用 1-cos，论文公式使用 1-|cos|；分别记录实现，不静默把二者视为同一版本。
A29: 本表是待执行的实验安排；未填实测分数不表示实验失败或得分为 0。
